ID_CLIENTE,CURP
1,VIIJSKJA71ZO3FF6LR
2,ZOFHUXJ2VHPBAOG976
3,FHHBQLBQ4DHZ88KXU1
4,XPYE52QMFO55AO7Z3X
5,GXC9QQ2VBCA1A1FNWV
6,EN25KCBL6U1MTJOFMK
7,HWM9WTEOPYR14WU3E0
8,NE5GX2UTYCQSDGVCTD
9,T8ZNA4NKMXQMOOQL7A
10,R2MEQQISVFAIBPM7PO
11,L1VBVWDPPWGBJURO7G
12,U39BZLI31U2M2YLJYR
13,0KQQS0RXR3UB6KNVVA
14,31K2I1IDHV77O0ZX5U
15,EQERJ6JL1F4DDO1JHR
16,14NO3Z13FDYCNNQMCS
17,ZICQQU2J30H7L8RRGE
18,MHV5T8VG521E8LJJS5
19,V0D4V3CYH23F8PJQG9
20,UJYJQS4REVPHNZOJ05
21,SE1EJ5WD32LC0JSJ62
22,UJTIX1T8O11OEQVWDS
23,MJYABTNF7LY28GBG72
24,XWF7T8RAYCBZ5WVDLL
25,7PVZACOG577EETF3YQ
26,CLQ1Y8JB6UV1AQOZD0
27,DPJX3JPSMP7PIFYTWJ
28,UOJ0LOT5UDXNBBI9VM
29,DEV9G00XVK5M209N4O
30,E8HEX5ZURTOPGXAA6E
31,1XX80FQ7A5BZYCDBH5
32,5WX21R423VD2AMN8WM
33,13N4KXPYPHGYVVKYX1
34,8V2A7T0KRW8CGB0VIT
35,8XAI3JBEN7QI6XEQVV
36,J6Y8DQ6WZAR0B0NDOG
37,T716IK8F0BDSJ2CJKN
38,V8Q64SJLB627O7JD34
39,XY6U9S62GHMNR4GNW4
40,PZ4NUHEFS3LJVF1ZTQ
41,QHWR174ZLW7LX8ANTO
42,VYWAX3WJQLBWANJUDE
43,WM9HMNLEP2PLYN9HH5
44,ZLRQF2PY8DAKIP8MEM
45,VVHX9BMLVKKYGAUVBC
46,ENE2QSSS5H3QHBHHRH
47,3NDTRJ7YGTMHNPDJ74
48,4GJ97K999FRL69KGP2
49,BWTFPCFY3GBAAYV91L
50,EA1WI8W40NV4WPR4QW
51,Y8RMXV1EDH0DKV87GL
52,LXBE4IWXWZR2Q397KT
53,LBLGXCJDWG5NKPD6S5
54,DO5FYIIY7BMRPSAXS9
55,AVAN19UW9RLTSES0AE
56,4ZEPIPCCZUNAGBBMKE
57,ZG5QQEUHXL1QRC788V
58,BMG75ZT9JP3VGP3AYJ
59,0W7VR687YWRFJ8K65T
60,0PEE8OC8BNGQPT3VEC
61,ZN0GV6O68EYLUV6KZK
62,U36T553TLPWZLL15VG
63,V3A1HRR3QZHZXR2LPC
64,SC0AXPZHSF1YL7SQ1K
65,EBYGPWH81E93G9ALW3
66,ZQX7HM7JU4XIZCTGVD
67,X07YZD10DFJX4BJM70
68,E70O3G89SSWXCQ5PBB
69,H3U4BBS7E3ARMSEQ9Q
70,R1CUMFUHU9KCE9Y6A4
71,T981W5L3472XHTE18K
72,QGLKFP1QAFQEHEC2YL
73,3U58KPSQ8TB97F4SDX
74,C8UI3JTMF8348TVY9X
75,HZB9G6BSWZON5SEU2Q
76,R03KRNEQSYWU3OKPFX
77,BXKERDFJ0OFKEBZD8E
78,D0TDB7VCKNXWBR2Z8Q
79,QKRI8LZ3BRUC79JHF7
80,7WOHEJ0O7H6GAUP67A
81,J1UT7ROH8QPR7DV5YG
82,T2M2KZGRFNPMBQPNDO
83,KFKJGJC9LRLM8A0QA2
84,A6UQ38U6NA3BBPHVBA
85,KXRX65CYEVGC5XRFB1
86,01UO5TB0O8R2K1EE5R
87,9QOBL6G7GW4R9OUZSH
88,56EQA7Q85UJTDSOPH0
89,V25T516OXMCUA0QWU7
90,1B1MG88ULM6ZDEBH49
91,DYQD1A0VKTZQL5GS1E
92,NHTZP7DESWSK29319S
93,9RU3S1O98ILZEH27NG
94,95ZDEO9IFQGT67SND3
95,W5TKH52459A68LGK4P
96,0RYZ1WFZVZISAO8LVJ
97,M3J9TPG0GEZWUOFH03
98,JUSRPEMT2VMSEULB2Y
99,QUIJD9EOJG43YH2ATS
100,LTEEWVPGTJ2T45G6JB
101,9UKP8Y5M6J16N9RS9B
102,W0J0377PD215JYAZHD
103,VO93FT4A1Q69D9W0AR
104,4UKXLLDSNCXCW6RM12
105,IKWBXSP64GOM9503ZR
106,SJ6MJMQBOYNUWDF7AX
107,8J5D4682XW28BIF9FJ
108,MSPHX1VDC6JDPBGLLA
109,2QRLI6JT82EWO6RASC
110,3RBN9VZ5BIO2XAWGBY
111,X5EVXUZWXTY8934RQM
112,EPVG7C35WCOMG6MJKA
113,JHU1V61856SH6H828Y
114,NAET6H06HJYZL6FT2J
115,6F914IZM3A1WA86KB7
116,0SYMI28YIL1ZIIT72X
117,HKCMM5P7NZ7IYYH246
118,XK9TV81AZ7HVXCWX3T
119,DNCHVC9YYKLERK09AL
120,8MV6X72DT7R9GY75PB
121,40KZ994MJEWKPNMRW3
122,2A89BDGZ0EW1SWLQ41
123,A6TRQ4XUABB7E3KZCS
124,IY1DTPVMAMB6V2JHAH
125,RJU0FMVANBAQCG9PZH
126,97QTSVO8MQ4PZWSWFL
127,Q94K3IMBGM147VO1UI
128,WIWV4424PBK391PCJN
129,A4IBVTYG7B25U1BH4A
130,08ESLVFHP14RZMHIN4
131,J5AL6M9XAGWUNO3KDL
132,JDQ6TS240K3X3IWH18
133,B9OTCQV11ZTVD2YAEL
134,KTH1CRLPR90T73UBEY
135,OUE0SPPEMYX3VEO47M
136,Z2ETGQUYM7FL22YRQA
137,3U8TW4V0BFZ10RM421
138,DPG07DWI0C1OZI362K
139,2PFSXKDCPAW8F3BX43
140,FNN4MS3ODF07DY3ND7
141,PRA3T8TBV208DHSUF3
142,GHJXZAZESJZ743SSRL
143,ANPURP7HH1R9D2MOS1
144,P689GYH1MP4Z97O5EB
145,CSWCJROPX4HMQQSWSD
146,UV9Q1CRVNKN28WG96E
147,7L7S65WBE6SOYA2WEE
148,RR9EJMCKJZXBT8FHSR
149,Y45VWVQZR1WVJC5CT5
150,UWA4VMAO5YUOBVV5AK
151,CHCPUC87UWNL4SJUXS
152,JFR0141EI3O3LOV8CZ
153,GNGYBD2LRAYA55P9H2
154,HSMA8GKZNQ9GMN3AWM
155,8BER1LYGU4795XR9UX
156,21F9PC0ZXO7S6524KH
157,DB66EPFQDF3ASMEFDF
158,RNY3U3AN7LCY5J8JT0
159,ORAD215R4KDGQHBPMU
160,I7QS09DWQ4WM9KITLG
161,1TOJS19VZVZ4REWZEI
162,26YFHL7LZZIU1HEK8G
163,X4LN4EYO4F7CA3OE7G
164,9U2NL4OQ3TOAAV6DX4
165,P05L9YQ99HNBD25PKD
166,O1W5MPVIWBE0QTKV4S
167,6NUQ6I4RAH66W1NJBM
168,58FGNIZUZYJQ5ZFTVD
169,XL62I3T9YICE204AKX
170,WKIEMHTN4GL6UBXDFY
171,MKSNVFAMLK0GL86W9T
172,G37QBNO9A3JJDDKRZP
173,HCZS5YDNB6UYNMCX1D
174,AGJRDI0OP68H4ILMPF
175,7GCGLQ7IWO5U2BYXO5
176,DRX9J6DMN14CIF4OVQ
177,EN92ZT99SZRN8VRC1Z
178,N625F4QI0MXC8SYHBL
179,SUQXM800KRBQZM977V
180,HNGXW62H7T6ZFMQYWO
181,5KQD14IMY8FE1WJFYN
182,I9ZXYFS29ES3B71VEJ
183,QSMOVA8ISR9LF4JCME
184,UWNKO35NW0CFZL22OE
185,YFR8EDSBARGRLSZCGJ
186,W8R402ERWUUCDXYZ5E
187,07414OMLECO3ZRW2TE
188,IWFIZEAYIPQE6H0Q6H
189,B6A6XOCRNWMO7AV0WT
190,5CHE9Y1YBL8BDD8SHI
191,KCZ340RL7SXZ82W14V
192,71OVTX0BELDTD78ZKH
193,TE1YWX1TCRMNYJ8XLO
194,UVZCZAGN4SOW5RKSQT
195,HVUALUUSA0IJQ8Q7EZ
196,CCW5LK2LG4KCVOIM4K
197,EEEOKLPG3D3GMVJ4B2
198,QVZQ4EJVQBFOEZZRPV
199,I57ROW9N0YQKU8EYCN
200,MYD50DE77ZIOZTU9QD
201,7XEPUU71GUQHCA6Z4J
202,YRU50U8OR8CPPWF74O
203,NVBG1PELVVYC92J4NM
204,QD9RWY2LY8TQWZG5TW
205,Y5DAZNFF7B56CS0FZD
206,UYFBQLUZ77LCNKZH4T
207,ZX646Z5MX8AQ65FDC9
208,CYC6GA4H07KDFK2WKD
209,LTNCUIGL8SDBCQHUMI
210,DNABU8CBOQES587UIQ
211,BB9ZXKAZE181HYXBD1
212,YEOHE5AI9QWY4GBDV4
213,G58UN15851AY5DN44Z
214,21VCRHUCXZWGMDLCS4
215,0FBZZDDDEQX2L59BRJ
216,HTOIAL8BITGOQ3UP60
217,M2LLPDM3FRXBMBWR14
218,KABBBWS1DS383FZ864
219,MI9IIS4KOMA5LS9KHR
220,QJXJQWEVOYIFF2K8UL
221,PCPCXENS2CI44DGSBX
222,X0PT88O4BNO8DFZOH8
223,HYN7SW34JIZAOAIHCX
224,IQEG2F4ZVR7MRKUVTN
225,OMBR1V7JG438XTAUGO
226,87PEEND40LP3QXT3O9
227,ABALNDIN6NIRMWHKBV
228,UDDYL7L4VEIKDP7UBQ
229,G2PRF4DBWCCUXYYK6I
230,BFZBJAPKCTSRV08QQE
231,SLT7E8D4YKJ5LF50OZ
232,UDA9KCLM9IOB1GUCY5
233,ZD1RFQE3KIFJJO691H
234,DWK7F9YTQ6ON854KQN
235,XSCU5FEKXPOLIVG0E5
236,O6F4APDU1FIOKRZNRU
237,1WA4Y1SFJBP1O96ZB1
238,QXNRGSX6054NDG1P0F
239,UD2AVRI5UI2K8YSB5T
240,Z69AN6DHHUFTKM3R26
241,279WN7BJW4VXCRSENE
242,QAGADI79XKI2OBSI72
243,2CG4IPE1EF8YFWNMXM
244,9I6U613T5S2KG61S1E
245,I3AO7SLRY6OQSQVG4N
246,E5ETD7V3HMDFT84NLX
247,HJB0FZ1EUKC2Y98NKL
248,ZRIRCWPXXZ8UA5N69V
249,0DIK3AXVITAS62X7L8
250,64L7JPCDO2U94XS2U2
251,T7JW2NGLHLBYFHQN8E
252,47A4KB5W3MG7W9IFAC
253,SCIJ9JV2Q8YA1BQ7IG
254,CFVNKR5PR8SECH8HWT
255,J0Y2FXVEUIB1775FMS
256,F5LWKWMG7MLS59MO8G
257,UHIEAT0MUMXZASDKNX
258,IYKBI3WWCIT2YEYFPZ
259,DB25UHW0WQXFT17MDD
260,GTXKHX2CGFDXJ6NMS8
261,PZYHBFWQ36X4AZA2C7
262,XDJQ19QW14XDVITVL8
263,MEOFUXVX76V7IZAXSE
264,QS8MZ8KKPXQWJFF1BO
265,VQU0KUZ9UZEJ7L7VM6
266,SO7XEL0L0C7GEQN3KB
267,05BII5X1F0Y87D9O5V
268,D0KBLTYM5BVJ9C489S
269,9CTVKCU2FCZK9E9VUP
270,803X3PCIG4EIQ56ULU
271,W4D8FU293W6WPX5284
272,XUCTGSH3PK00AD7452
273,LHOXMH0ZT2YNQ7QUGL
274,E2OOTVIEJDGPLNCHPT
275,0W1V8NAAH20CUPZ6SW
276,Y1G5LPZU7WC456WEXW
277,VRE3WWH81SN91D29K7
278,VAAMVK95R9IAQGKHYD
279,VEI38GI9FMVZHABVJK
280,P6499ZPGA19I37D896
281,25CEWXJPUFCMHI4WPT
282,ASOOYU0RKOFJQWE9GJ
283,N7570P3H3M82LP6R2W
284,KS08LFDJS9EDV2XIW0
285,CBLDL9BJ1PXFW42NO1
286,1CYK1B5Q7HVEDHMPHL
287,MDNTEYIM3JGHGSRIU5
288,ECROYYHSYNHX9754T5
289,XIYHKRCQF27JSERG0B
290,66TSZYWTEX0T32I89D
291,AW0HJYBITKF0YOFKQ2
292,R28E9KIIA1NK2ZUZ5G
293,JNTZRCUFUCNYFAR1P3
294,7MHZ910PBSSACLS64A
295,8CKFRQ6HG4UIM1OMHJ
296,YZ2HIOAOVMQEALZH2F
297,5ISQ3KDF73FI1QTPMJ
298,MWR89127V02WSS4ZM0
299,O0OFMSQ6H5YLXOH582
300,GD0WNEC9SRY9IQGDA5
301,6FXZFQ895MW6KEVSSI
302,UGH6QID5ZFCUGQHARU
303,D9QUHMW468I830RRMX
304,1HSGISYKLOR70F5TZM
305,KU3FAG0UC40LQ53DSG
306,YI1ISDPEGRWJZNRJB5
307,6KRAVV9D3J57ROYBYA
308,RFGNIRHPJX8ME856S8
309,VWUJL0REDMREMCA3NK
310,5PEEDRS1V4OIHB3YSS
311,8IWBRZJBL1NZN6CDEH
312,80ZGDZRGSU1EVMU4TV
313,ECA4D8VPUUKID0MJ3M
314,VW6XQB274PNH52TSRC
315,IIBZG0CFSEM2W83URM
316,AEJ6QBXYAZPUCWUNKP
317,F1J9K13BHHBAJQ1E0A
318,X4ANJB5OSOEVE1SKWD
319,XO0FL6GENI3MR0GMCV
320,8T7JNAB1RXF5QZ31QD
321,UPLURJQP6HABNPG48K
322,VPA4CUVI1HKCGN9DA6
323,Y5SM563AKGW33FN1N2
324,JQ3O8M17YO2PIQQHIE
325,YJ9AGJXZB197Z6E35J
326,PQELLNP8RDAG5RL2LD
327,4T5RWRWNAKNTD4MF1Z
328,43LQ1OGOI69KA3FM23
329,LNVGJY47G828FH5MFV
330,YZ19T7UWVKQMKSLV15
331,P75UNODGNXZTQ3C4C2
332,1YA16OCQLKGR0T1S8S
333,4RH60KBIC09TTBJXTL
334,19KKKT736QDQPGUBQE
335,0OZOXZETVFDJSVXKMC
336,ZWMQURP9SD4DGUSUYV
337,Y4CKWDZ3P2NYLUEIVS
338,V11ZO444FQXAZ1USVT
339,PZO8T3W4TTQ3L5B1IN
340,A4HJVNAQW8PV9Z4ZGK
341,GGJYXN0PGU2SD0Z4SW
342,ORR9292Y8X2ZLE8LWP
343,UV94PZ8DGQN9ZOR3NU
344,QK190CPXWBVFJU60AD
345,642UEYCXRXMTDX25LJ
346,C16FZC3HPXWX774S4O
347,WVWEKTDN8HYAI3F2RP
348,W81ESE38IODUNKNZDD
349,J022B3RZ33IL8016QZ
350,EYDS8KZGTYQ7G8YXQ4
351,H5FZQV0D6IZO192RE2
352,VD74R4AHL84HLZGOO4
353,69O5HPA1DWY9YDRBCH
354,PZMY8GFPWF51MXTCFK
355,5MXO5A9KXTM1WOT02V
356,AH1KQ9LGAGFOOG1RVU
357,HQS444362TLQU84A55
358,397G6EN41K9LUHTBWQ
359,X4QHX8WY6X2S0O25GX
360,QTK01PSJB4F2ZCUT64
361,93PS8MUT7YGEBLI1J0
362,DWAMW7Y9CCK5O2BMII
363,AWE8P0WEB5PQ14P8ZP
364,KD700MLKNLCSJO8O2E
365,DUOSUJVLVFZT8ZK6YO
366,1YXF3Z2ZXKVFBL7VO7
367,NKZKK9QSGH0I1V7F0M
368,9L9LOG28ZLMQOILEL7
369,N4UMYQMH1VKLHP2I2E
370,IRVZ656VRCCUV80KPF
371,G491P5SWWJ0WTKFUFT
372,4VU9OPMEKZSA6R81X9
373,XXEH34S4MF2FRBPTZ9
374,LK0T2N81KF8LI9ZE6F
375,OSSRDJZVWP696ZP3CC
376,3CO2Z2GK022SHU8I0T
377,0L1HU3XDVRK3AQJTL9
378,FD4QTD3WGA5O0W8AVI
379,VC1EDSTBHAMGBUIJ0H
380,C599M3LX0X9JTW4A1T
381,E1HLEKALV5TYHYZHC9
382,1MYPVO0AW2MFE47IUQ
383,5WQ6NP3XJGJDARLSUQ
384,7DFVXOWJOTYPDMITXG
385,1BXDGG3TC23NUZ5FYJ
386,CA0ERXTSL72C6MNP65
387,EI5XC6TIYUAB2VIDPW
388,97MMYN4BXZQC554UY6
389,G7SHNUJ79KF5AN1BFM
390,YL7RNMIGUBUNT6D3RO
391,FZ9Q5DP79WZW32YIGQ
392,30IAMC327FJRGDIUKX
393,L3G38GHH4FKCXNE663
394,TI41TVIQ5FPL6GQDMV
395,C5NUW5C2J1QCPIO2AN
396,GH1VJ2DLW24BJOX7K6
397,HUSKABE7P1W7Z65V3G
398,YV0PUQ725WQK7J86K3
399,Y3QRIGXIIVVGK4CXZA
400,XAZRYIFFW6GRPLHD19
401,BS8MDWQ76UR5DSI4TH
402,XE0AQ6JW3AQI5Y19B5
403,6XSKFORM3ZHY8YRNL7
404,2B3ZOMDZRPHGP5CCZZ
405,HJUM20N3M2W07KK4DW
406,W9E6Y1CSTO6GVC4UI8
407,7926VW9G0YVU3M50SX
408,JKUZHBWI6NE9AYRRUS
409,Y1Y7C1G163JJ4LXYID
410,KTSLU9R4SCSTV67QW6
411,YVI2JMNSNF8IM4UXRU
412,WN9F409O6RJ9AXLGQR
413,6ECSTXGFCVK9GOGH8G
414,8NZS2GZXQ0D89HVCQJ
415,83F78NIQ4K5T02V8IV
416,B302XXY4ZY7899KEZC
417,SD3T8AYW18A56EQKSV
418,8SC5FFB03DNJTBHRUJ
419,80CPW84RZ2OS44V4F9
420,MBH4XV4E0TF3Z7Y66N
421,XINHPR48H7YX5CEWQ5
422,ONLIFETF15HQX298A3
423,4IEJ5BPW6OR180G6U7
424,SX1DTXFFVKXFEMGUNT
425,1W06IV4MP2O6527AXU
426,0QG7MD08O6H00VJSDK
427,BEPTZHTW09T6JGJ9BF
428,6EBX7W2KLYMRC7KUYB
429,S5GM25CQ2D1KC3DOY9
430,IU7OP3VYYLS919DKB9
431,CEAB46ZDU72A7V143Y
432,86TDRY2IYPPMIL9RRF
433,XRJHAUYJVP31RLMVIS
434,CCYOG053D8MUE8I10L
435,0QUN2O88AS2V5Q16S5
436,S4UG3SIRXY551QC7K9
437,RU5MWY22DHOEJ66Q0R
438,DCY51PO8T26Z6MCWKA
439,32XHBTV1PG3RCZDOGL
440,RCSLW4LBY6VFER54CZ
441,H08BFNJKBOB6ENJBZL
442,WZRUQ8BQ5Y4N6B8LPW
443,VTZD8HBVSWMEACJM2Z
444,8CSQ5AK2AYRTGEMP8S
445,MAB5EOGHCW1RAA9E96
446,0GI91XMF2P25IPQN0N
447,PNZNZS9VPY1LAJB218
448,B6CMOQWDSWVB5ZWK3D
449,U9BYTHYJO2W8B49P9M
450,EUQWSJG3312U5QWL2Z
451,LEPLVSPYIAV7D597LQ
452,S5Y9EHTKPX0M7DTEVD
453,LHB3XF7SUJ1WMA2T1S
454,DUDHXGHJXQECDVB90S
455,SXYVVXR3O75IWV8CJE
456,TKL7B96M2DKICV0OTE
457,O1BBLTLQ71SUXZT8UD
458,IY0ITDRLLWV19P8M00
459,TGDMCB6OPQXY1ZI2QN
460,2FQOQ5016EZQGI3BFW
461,QFEX755ZPTIYZOO32W
462,GO6G5TRV7LTY3IP0QY
463,CGKDCFPQOF3DDXHSRW
464,HJPQIDTRRWN9LEKTXG
465,D14J8IJ55KJFAW2OR9
466,PI2Y1QHOJRBA8KUZKO
467,0HDJQJBMTGQ7UOGGRE
468,Q1UEF4SL5CBEYQRVWQ
469,QBP7B92QO7YEMBXX0N
470,MVVL893RCH7W9TORRK
471,1C55P5F5FMCAZI64O8
472,1J9BK12YFQ1PRIA5K9
473,GSG0YO729K6TT6BTDF
474,9JVH9S7CVHN0J158QS
475,HO9VP8APTB7AWUMAIV
476,U7VECMJ8W9J8OK5WE3
477,LAST0VQ8ZVZR0L7QJO
478,G2CCA04TF3M7YXXS05
479,LMEILEJUSQGA1HWCOF
480,JODGLUZ7KKWZMJKN06
481,W91JGNIRTLAKWNMTFX
482,3V99OAZC5INZ0O4RMY
483,Y1KXMAMY5ZWX2YY4OL
484,2NGXQJHHXZRYJ3O4VU
485,WWMNKAK69S90TV2EIL
486,YJRKJYATZWECL3DG0Y
487,RMQBGORZ6E6I6H9SGP
488,HF38XNEF2BJBQ10ARF
489,VE00J2JSET7J3MYFRI
490,DF4X3UBLUUVQA5V19D
491,G42ZH9RAQY41GNYM21
492,FAJ5XUWS06OQKOO4KU
493,IXPCQ5JOR658Y84ULT
494,KL70LY7GQTXJG57A8T
495,NU23QYAZ3EGAUFX7M3
496,EK0CO78ROK9SZPWJLY
497,98BKCLUKO22TMENKUO
498,OB6VTU7UDWGMYWW6UI
499,BAS1TOJG16NX2BT3XY
500,QPNJ7YY5YCKT2J946H
501,EAXBPILHYPQMJDKFZ2
502,JOVNZ13JPJZIZNSERX
503,FHNISYCNPP4XTQ9XID
504,MY2C1WYGWBRV2JHZ0L
505,QOEC2BK9YIPD9SZ8HV
506,TAQC5I6FD1UO4Q4DHB
507,GGUHWI3EZJ6Y42D7YI
508,TXASZCAAVKXUBQXBT0
509,P2A1LCLD4ASACSP38P
510,LI7CN9QLZ1Y6JUH9CU
511,B00RT4PADDW5R1W4O6
512,W94HCH0XWKQ6OYW2QE
513,24VRYF95XOURILT5GQ
514,5UVMQW98JUBFLLDPBZ
515,35QN92SGQH8OY3ALHD
516,0PPVXBILCUGG779NNK
517,32QM4YFSQKUVRCPP53
518,IOM0CLNDNKR7G9ARHV
519,L30I000U5RHI20F5UE
520,BBP5ST3H1AUVK5729D
521,0CZCT5IGSHYZS0ZZWN
522,OEF5AGG6TQFFS0TXCP
523,D5YSVWRPXQ61CW0R3Z
524,TTEGS0YE1OEESROC6S
525,B4Q848CGI9J0WOF3B5
526,L97FNJUGDY9TSENM1M
527,GLI9HUPLI7G4RHBYXZ
528,GTSPSAV9GTKZEVPSN2
529,84SF6TB67CXERP3AWY
530,OF47B7PZHKQ47JGRK5
531,C5CWNKYRPL2YLK388X
532,8JBNH9OEUUX8IMQPEX
533,NEMN21F0TUG0ILKHC1
534,48WJ639C6Y7TDZ4YV6
535,R02DGXI6L2IS94J0NG
536,9GAEXA4WBOIAG6HN7Q
537,GMWJ9VSP1P2YE7ISPG
538,MNE2AUES0CJ29BUOPD
539,DOYOA8KZH32SOH65DU
540,TEQT0UC4BZL5VOEDND
541,L939VY9CNCO41NGWO0
542,E4NG7HJTDCMWFJ24IA
543,OQN4U3F4A195DJ3HG5
544,49096X7AKV9DQT6SWW
545,SV4X7AB4ECQ30FIUT0
546,FXACSZ09IF7YD9DQB1
547,KHHFE9L8KLA7B4M7N5
548,931WA58EBD1K7UN4EE
549,OY2CZ7ZZEUV9570NIV
550,16I3JI0I1MYIDOW12R
551,HLCQ2R30Q35M4TOJ7D
552,FX3QSMD0CXP4DBAFDT
553,ZGSKPBPW07DCC20PDF
554,6XYBD4Q42D85D2I2W0
555,7HVGMBQQEKYYTWPKZ0
556,2HI8BVICY2E6JS8W85
557,4CGQSNYH1DBDGYGUX2
558,7WROS975IQ8EYK60GI
559,APJVX37BQ0Z4UCSITR
560,FWAY2VXYUMDWA13WPE
561,BELJXVFFFOQBKSR4G7
562,4A00Y7DGBA2RV1PR0G
563,2527BWNAK5EJAKD0A1
564,QUO5ISS1HRIOBUV0HM
565,CHEVMJ4ITF895VCPOJ
566,ZCW2Y0RFDQJPBYQH1E
567,1Q2NJFJ5G8XGO80920
568,HXKVRAEAC6ER0NT4TJ
569,4XN9PI48NTLTXDIUL7
570,JA896AV2HL5XOAOD0D
571,DRLHKLF8HYJJKE9QFT
572,WLH09RZKS6CJIFW5FB
573,V5FD72Q5XY6SXCRU71
574,9XYMAO87D23PM49KBF
575,M5VVM2S56PBOS0D9HK
576,RDYUBN3Z35QLFCRHDZ
577,A535BFO6FRXRFTOG94
578,QJUP2O5REKXRAP17WM
579,4FMO58FSFGE0RBULJK
580,SHWFHFH73ZKWJ1SPLM
581,Y7A1JLXG6K1Q9WQF9H
582,Q9B3ZA37IJBKAV5J1E
583,QSOPOX8TZATOVH0HV3
584,NX8UGXQ0XAS4PHG7YU
585,TYYCREBQ2R5PJ7T93T
586,XAFEI32POMTADZ2JZ3
587,ZSQLS9P4OWOFU7Q6Z8
588,AMNL030X7O7T8UT241
589,4YLKODG22QEL6VJKZ7
590,ZSDWL0SP4WLU8B0YMS
591,TS64SWSQ9JJBPWB0B7
592,4BIHWFYEUANOYITRVH
593,DDD3A2X5BW2D88RZAA
594,H2E1XKYEA5NNOTPSPE
595,5J4JSPM74BARR2ACXQ
596,GS1853RLFNT7R20T1Q
597,2XNB2DPAR92UZPO9XR
598,NIISWLHJDUETMLW3Q2
599,S585H5Z2RZ77VDMMU4
600,6ZKVKWIQULH13HRYJZ
601,ZDMA2E09T3JIZBZ1KX
602,0IAA4BTGK466FZHM1F
603,PHJNUNWIHDGONO0D0Q
604,2MWQEN7MHZ4P0S6NQU
605,9IHMPL0LG0KZB8ICKV
606,Z8PULV1ZZXXTXPHK3F
607,E8L4MU217SW0V6D6MM
608,11SI13Z8DQ83QZBM7P
609,IU1RN5291Y2YGJCV0Y
610,68Z7CYYAGAJNJZKJCF
611,2Q7TLOIGTQW904JFNM
612,15X4UDSP337N1FNKII
613,ZU991Y5E9J2PQSZNYO
614,TVLHXE82USP4MLE457
615,3N3IBLEXLWL5HNLU6E
616,4KA3OMQENA7TEDS81I
617,SI5DXHRKGQI7JPGTJM
618,M2TNGXMICD55JMULGD
619,G683OKUIEQN1FOS1P4
620,DSS9LFG89FBCT6YLKD
621,C2BY1NYSZJYNHZKGJD
622,CZNTPXW42HUG058IAX
623,8STFNGOZ7MWJM3ZKVN
624,QLYW23VM8BLSRQEQES
625,UA26JG0NDEZ5A9SCOQ
626,7YCUT28IZP489N99E3
627,AKUTZLOXQ0CLTT5RYJ
628,P267VJSK2HT5SDC4MZ
629,JTSQA49PQLDJAV28BB
630,A9WUBW3XXSHNDQQXUQ
631,IJAHT6Q8OVDPQ2L762
632,KGA1N95WN0FC0MHKGK
633,JWCOE4G4VTFFZV8Z67
634,AF2TYN87EXQLZAAOGY
635,ZWUS9GT8N1DO6RUQX6
636,WHGJMIIEG8O6K0495W
637,ACUAMSFXEJBEYXSD5P
638,YHJLMWSAJZ5W2Q968X
639,PD7CBWDN08TL48UZPE
640,J255OO1OSNPW3UGELI
641,WKTI0G9C4VV6XT8CQU
642,V9BOYKEMYQYL5EUU53
643,E26QME58MMHXCC8XWC
644,6TT74NX6UNKC6LT613
645,SSEX6WM77NXG9W7MGQ
646,DKVH3I6PDPFK2BB33I
647,1D5U41YM4YYJORUT0J
648,XDQY2Q14FCRA6DMZQC
649,SNHCD9M0OIN8I1YPBI
650,OO8LOD3QOBAECW1MW3
651,V6GZIHY4CW4CCINCE5
652,HQCO88XO3QNZ3LUSO1
653,JMT28L6TM4R3IOLHER
654,RRSSIEU215EGH7YQXV
655,SR7J037IX6FDMRC2F8
656,EH6273KX0HD17BLAIN
657,A7C47X5S2SXUAZO98D
658,5DRJAD3J8D2FVXFS9Y
659,5H6POXGP4UTQKKFWVN
660,FN64QCYGSK8STGFK2M
661,O69UV716EKIHQ5E9YY
662,LWCCCGHQXMIZSTM5QK
663,QT2EBVYDXIXW9IZLVU
664,IQ3NYU5M6B53E0SDQK
665,0QB7I3CTI1V0Z3J4R1
666,J3PSL5BZK49KGU1PE4
667,6M42IUXSUF4LNWP6FS
668,GSVVWZLLCRROJPYWCU
669,K194BYRUBSBVODUYLB
670,043UWANTZVMUVTR83H
671,FXUHI684DLKBZ3GHF6
672,HYAIFHYDE43XG5OC4E
673,LUKZ59N0RUOJDE9YAZ
674,YY1LBCOSVXJOUB7PO6
675,BRC5ASTDA8W658OYFE
676,1XS8K9SFJQYGI755H6
677,509BUEUYI0WHI28LJV
678,M1TFCG5KLGPFG658J7
679,24URAQJDRBABDDJJBJ
680,8QBPP0K3PUSDTR0AXN
681,6S7M0DD797CV314LJL
682,G5QG8EY5JJX4163599
683,XX2LV3IQYZHKNYZN3Z
684,ERO4366UQC35IX7OD1
685,PCDCM1N2ITCEN3SOIR
686,UJ44HFAX9QYCVS3AF4
687,90MU1O8RGI8282BL2S
688,KN1N30AZJZUIW74CQA
689,POPJ3SDDWMPDAHBLV8
690,0DWM81SY0SVSOAE6PB
691,YNB8J5AF2UHLYXJRU7
692,CXVZXOX5PROX058XMI
693,TYGI2WXAIA8WYW3BCL
694,6HHRJLHKGPKU6ZPM99
695,CFLACOOFGHW80MYMRU
696,L9Y667O7BGKTJ9VJ6Q
697,TNNLI9EAIF4ORI7Q4I
698,SROYASMC3XMU00GYEF
699,T1LZWK2OWHKBEQWIS2
700,CDDM9JKMTF2MW1Z7AU
701,IUSHQ00Y8CYXXP4E9W
702,4ON5HTX8K3IQYW3P82
703,KJNGAR4DLMWL0USIHC
704,X0L56771D1Q7JSYD9C
705,O8UZBO0ITH0WWHPEXE
706,JQOMH8RSP5QRGCW4F9
707,ZFVOAOCKN7HFECDHHO
708,5J7TSODLMHTXJLO5DE
709,WVPS1E6TQ2NSMAGJVE
710,88YSJRZNRND2559EB7
711,2RVPZ4DT6VSHAWFWEX
712,AXM0JURNDHLDNRX6TZ
713,EJPBBZ9UIZQ9G1NTWL
714,2IPK9ECYOLZWLA2DAA
715,9M4O4R2VOO2AESRCVS
716,WOMGSDPQ2EDDWCRPW1
717,9SD3E6HT3H7643USW9
718,ZC6460VW44HRTSNQ7C
719,L0BT6GD7MWPO9ZLXYN
720,OX1VJN06860MC0NFSU
721,GNUIEAS2F9ZPHUNBYG
722,SDNN42UBAURQ610PUR
723,TI4Y2I5PZF9511ZQ6T
724,X4W8A8Y0XRNWA6EZGX
725,BMYL2DK6M8FTDMR66U
726,BQAT5N6PXH7S49IDQM
727,UICNIYQR920YAP5IV9
728,8VCAPO18QCZ6EW43B6
729,SNCWM6XI9TBZSOL1U4
730,3KGAICOTXD7EM7KZM4
731,59JGBX8MNH2GG4GWSR
732,T2E364MSO99Z87UJ0Z
733,V01IVDFTZ7L57VSRMM
734,IIQZRGS6F9D0V9050Y
735,IDZ6B5K5BZQEN6DYZZ
736,7Y8IQN7QSMWMELFK61
737,C14TE2IC49P9D9EWB4
738,YM0TYQKXM1O3X3T6K2
739,79EE7PK4XX9N3FRIRX
740,ZVX15OKNMOULIV3UHI
741,C9MFVIVDR70ZCVH424
742,OGPUXJQKQQOGJQD7QT
743,59X97JDAEZ0B2S3T88
744,STPA849GQYS68CPS4C
745,9YJ6GHZ1DBSI5F9HDR
746,92FD2W73DRF7FR57UG
747,Q4X4U945MNPD42FCIQ
748,HC5O30VEI6GRMKDLWW
749,P1DW1UOKV9JSHUDPMS
750,QH1SIT4G7X7Z04RX8M
751,MQQDIATVZBO5RB4ML2
752,2PJ9SCPW7WBO6CCS2N
753,0B0IT9S2NTWWD6K7AG
754,IUHU9621GROFFKQO2G
755,83XCFLNCJVAVX53QU9
756,9EMENTSJN9Q9519B0G
757,6D7B6OVRSK2ST2X81A
758,Q1KAMGUTTNRK8MKUG1
759,2VACK632M3WL0EXHKZ
760,7WDB8NOY2U7HP7R81Z
761,3AWSOPV1R8X8P03FQH
762,64AFDIJW51VF8C3Y4H
763,AAHA1FQ41BV13DX66K
764,2TCTB8K97CFQO9FTNB
765,D1Q5NQMFAQ75KJWHCB
766,YXXLJCNTGMVTG3JB5A
767,D9NP6NTRC1VK32GL5L
768,3T3BXLK4L5OKDMPNWD
769,3V6UEJ5XGUJF4IPZBP
770,T5VBN87AW8O8Y7NZJV
771,AVH8Y93CWR44RRF27V
772,18E6MP8073JL2A8KJ6
773,GX8UDJ1J5DLEF9ZIP9
774,V13FBQDNN4ITI7HSWV
775,36ZAOMINA4U7X11LZG
776,LXY9DT8WPCIBI642CG
777,EC5RL9VT7BNH6QHSWY
778,WX6QRR0FR912T68VMV
779,MZL2U5TITGJKGUZV0B
780,7CWBV23F6KROQPKKDA
781,37OTPV51ALGE6V5UT0
782,AWJU5C5PX86MI8R9GN
783,8YWDKDILDECAQVE611
784,1YWZ0ODPRZ8F9AYZCD
785,LY5Z8P9YBJ2ESK2SVA
786,ATGG5UPA5OCTE3EFC3
787,12BWQ3PDN6A47834CJ
788,2UBDYARWBLNZUVWELN
789,PZCBKIDIYJONVDHMNR
790,5FIZ0H08C2IG7O5GUF
791,EE07FT52P4SFU5ZS0P
792,BQO06OIVR6HKAUX4QM
793,N34QU58XZB2QYNLNAB
794,JOWFVZJPXM6LB1OR5V
795,FX7NAJUOXAOMSII2GD
796,245E0OR7MDWTP9IQBG
797,BF59USCEICIO52HPC9
798,A254ALF0Y5ANCTIM2N
799,60LCP9CLHRGYV8VBAU
800,JNRN9H6TX80K9Q4BEB
801,EMN02XUN6FX5ITQWFJ
802,JV9LNIXJYC6PHVQ6RL
803,7TSW0UB5HBOY2Y62IA
804,ICXD1XMZI1ZCUWD2PF
805,Z70I4BUBYLHZTWU6FL
806,4LAHKRH8GUH22L3CUP
807,TV1RHNX9JNU22KH2G7
808,SQXNN5Z2WJ8MLWK9P6
809,D9CUHKJP9BQT9N8VUF
810,KVNTJDKTIKTCAM74EQ
811,TT5RG63AFELAP4G2F6
812,AWYOR03YJZUUDPRATI
813,5HDPBKH1EB68QZ67ZU
814,QDGFYDTX9Q9GJLJ7K1
815,5VUF2ZC2JV9J2112OH
816,1N027853WA0W57P4ON
817,LOGMRJHK7IBLFPN9AM
818,Z2MCKROL86LSBKNG0W
819,OTCUT5RV6CWUS8XT23
820,XONUKIQUQHEE18C5IP
821,516I7MRS7ZLO7B2NHJ
822,BATRNWSQPE4CPBQVQD
823,R0FQKRNRJVMHKC2T8P
824,7VO26NGSCZAIBA826Q
825,GJT2RFMAIW1HGBZEJ6
826,SUUZ9EN0P445I1EHN8
827,4QZ023E50P3P3XJYUF
828,DB4I0WF4LW659DL400
829,Y6JZYEVQV3ZV740G5M
830,Y5P723ZAQIYL9B3554
831,Y873IRH39I7ADUIJ6X
832,Q56S386XNW8DVGF33Z
833,1LHQE9Q8UF1ZHOJALW
834,OYS6AWMD44OJU0EQT4
835,ABVV1UYN78W2K7GZ5C
836,V50JE5YC7519TLYQDF
837,H11I32WSLWN3D4TA8T
838,S3Z9H3K4I9MAX8WQ8D
839,M26W12Q7HWSR06TXHG
840,356ZOO9RI3X37GUCN4
841,7JPY4CCSROT9M2149Y
842,FGWRZ2DV7PK45TWCWJ
843,YY1JPA607T3DCF1C4V
844,AYLBVFIBEBJCPFY3XA
845,PW855DMXPRAYIWUK97
846,L2UP7HYDFRRW02L44M
847,CGQC0ZNTTG7MN3JL7F
848,3Q8SOFVW3F5HAVI2NJ
849,G8CGFTR9HLSMVXRVXR
850,Z3IVAK45AUS7DIKT1I
